ground_truth_alpha,estimated_alpha,ci_low,ci_high,absolute_error
0.0,0.0,0.0,8.881563549732538e-15,0.0
0.05,0.04009251907776949,0.025887225548256194,0.05733595679186103,0.00990748092223051
0.1,0.08939608127648338,0.07037444178008764,0.10853534564546635,0.010603918723516625
0.15,0.14106953797185234,0.11397901127896123,0.16548743620043732,0.008930462028147651
0.2,0.1895287551267542,0.15881754418235888,0.21825688180827496,0.0104712448732458
0.25,0.24469831201625075,0.21367632422232513,0.27252856960444327,0.005301687983749248
